hash,rcounter,mcounter,msgbr,minbr
MD5,7,8,24480,10.2
MD5,7,16,6291360,2621.4
MD5,7,32,4.12317E+11,171798691.8
SHA1,8,8,32640,13.6
SHA1,8,16,8388480,3495.2
SHA1,8,32,5.49756E+11,229064922.4
SHA256,8,8,57120,23.8
SHA256,8,16,14679840,6116.6
SHA257,8,32,9.62073E+11,400863614.2